Last post,Last activity
4/19/2009,None
11/16/2009,None
4/25/2011,None
11/27/2013,None
12/8/2013,None
5/3/2014,None
4/18/2015,None
4/19/2015,None
4/20/2016,None
4/20/2017,None
4/25/2017,None
7/9/2017,None
8/9/2017,None
9/24/2017,None
4/20/2018,None
6/28/2018,None
10/22/2018,None
11/10/2018,None
1/1/2019,None
4/20/2019,None
4/20/2019,None
7/16/2019,None
8/19/2019,None
10/11/2019,None
2/3/2020,None
3/9/2020,None
4/15/2020,None
4/19/2020,None
6/1/2020,None
7/15/2020,None
8/1/2020,None
9/1/2020,None
9/5/2020,None
9/10/2020,None
11/16/2020,None
3/11/2021,None
3/13/2021,None
3/18/2021,None
4/3/2021,None
6/6/2021,None
9/5/2021,None
9/28/2021,None
10/5/2021,None
10/20/2021,None
10/21/2021,None
12/19/2021,None
12/23/2021,None
1/21/2022,None
4/17/2022,None
5/8/2022,None
6/7/2022,None
6/20/2022,None
7/15/2022,None
7/23/2022,None
7/31/2022,None
8/4/2022,None
8/9/2022,None
8/10/2022,None
8/14/2022,None
8/15/2022,None
9/4/2022,None
10/1/2022,None
10/8/2022,None
10/9/2022,None
10/10/2022,None
10/11/2022,None
10/18/2022,None
11/2/2022,None
11/7/2022,None
11/12/2022,None
11/12/2022,None
11/18/2022,None
11/29/2022,None
11/30/2022,None
12/1/2022,None
12/3/2022,None
12/6/2022,None
12/10/2022,None
12/17/2022,None
12/18/2022,None
12/20/2022,None
12/24/2022,None
12/31/2022,None
12/31/2022,None
1/3/2023,None
1/7/2023,None
1/7/2023,None
1/15/2023,None
1/22/2023,None
1/22/2023,None
1/24/2023,None
1/25/2023,None
1/27/2023,None
1/30/2023,None
1/31/2023,None
2/4/2023,None
2/8/2023,None
2/11/2023,None
2/13/2023,None
2/14/2023,None
2/14/2023,None
2/18/2023,None
2/19/2023,None
2/19/2023,None
2/21/2023,None
2/24/2023,None
2/24/2023,None
2/24/2023,None
2/24/2023,None
2/25/2023,None
2/27/2023,None
2/27/2023,None
2/27/2023,None
3/1/2023,None
3/3/2023,None
3/5/2023,None
3/7/2023,None
3/7/2023,None
3/8/2023,None
3/8/2023,None
3/10/2023,None
3/11/2023,None
3/11/2023,None
3/11/2023,None
3/12/2023,None
3/13/2023,None
3/13/2023,None
3/14/2023,None
3/14/2023,None
3/15/2023,None
3/16/2023,None
3/16/2023,None
3/17/2023,None
3/17/2023,None
3/18/2023,None
3/20/2023,None
3/21/2023,None
3/21/2023,None
3/21/2023,None
3/21/2023,None
3/22/2023,None
3/22/2023,None
3/23/2023,None
3/24/2023,None
3/24/2023,None
3/25/2023,None
3/25/2023,None
3/25/2023,None
3/26/2023,None
3/26/2023,None
3/27/2023,None
3/28/2023,None
3/28/2023,None
3/28/2023,None
3/28/2023,None
3/28/2023,None
3/29/2023,None
3/29/2023,None
3/29/2023,None
3/29/2023,None
3/30/2023,None
3/31/2023,None
3/31/2023,None
3/31/2023,None
4/1/2023,None
4/1/2023,None
4/1/2023,None
4/1/2023,None
4/2/2023,None
4/2/2023,None
4/2/2023,None
4/3/2023,None
4/3/2023,None
4/3/2023,None
4/4/2023,None
4/5/2023,None
4/5/2023,None
4/5/2023,None
4/5/2023,None
4/5/2023,None
4/6/2023,None
4/6/2023,None
4/6/2023,None
4/7/2023,None
4/7/2023,None
4/7/2023,None
4/7/2023,None
4/8/2023,None
4/8/2023,None
4/8/2023,None
4/8/2023,None
4/8/2023,None
4/9/2023,None
4/9/2023,None
4/9/2023,None
4/9/2023,None
4/9/2023,None
4/9/2023,None
4/9/2023,None
4/9/2023,None
4/9/2023,None
4/9/2023,None
4/9/2023,None
4/9/2023,None
4/9/2023,None
4/9/2023,None
4/9/2023,None
4/9/2023,None
4/9/2023,None
4/10/2023,None
4/10/2023,None
4/10/2023,None
4/10/2023,None
4/10/2023,None
4/10/2023,None
4/10/2023,None
4/10/2023,None
4/10/2023,None
4/10/2023,None
4/10/2023,None
4/10/2023,None
4/10/2023,None
4/10/2023,None
4/10/2023,None
4/10/2023,None
4/11/2023,None
4/11/2023,None
4/11/2023,None
4/11/2023,None
4/11/2023,None
4/11/2023,None
4/11/2023,None
4/11/2023,None
4/12/2023,None
4/12/2023,None
4/12/2023,None
4/12/2023,None
4/12/2023,None
4/12/2023,None
4/12/2023,None
4/12/2023,None
4/12/2023,None
4/13/2023,None
4/13/2023,None
4/13/2023,None
4/13/2023,None
4/13/2023,None
4/13/2023,None
4/13/2023,None
4/13/2023,None
4/13/2023,None
4/13/2023,None
4/13/2023,None
4/14/2023,None
4/14/2023,None
4/14/2023,None
4/14/2023,None
4/14/2023,None
4/14/2023,None
4/14/2023,None
4/15/2023,None
4/15/2023,None
4/15/2023,None
4/15/2023,None
4/15/2023,None
4/15/2023,None
4/15/2023,None
4/15/2023,None
4/15/2023,None
4/15/2023,None
4/15/2023,None
4/16/2023,None
4/16/2023,None
4/16/2023,None
4/16/2023,None
4/16/2023,None
4/16/2023,None
4/16/2023,None
4/16/2023,None
4/16/2023,None
4/16/2023,None
4/16/2023,None
4/16/2023,None
4/16/2023,None
4/16/2023,None
4/16/2023,None
4/16/2023,None
4/17/2023,None
4/17/2023,None
4/17/2023,None
4/17/2023,None
4/17/2023,None
4/17/2023,None
4/17/2023,None
4/17/2023,None
4/17/2023,None
4/17/2023,None
4/17/2023,None
4/18/2023,None
4/18/2023,None
4/18/2023,None
4/18/2023,None
4/18/2023,None
4/18/2023,None
4/18/2023,None
4/18/2023,None
4/18/2023,None
4/18/2023,None
4/18/2023,None
4/18/2023,None
4/18/2023,None
4/18/2023,None
4/18/2023,None
4/18/2023,None
4/18/2023,None
4/18/2023,None
4/18/2023,None
4/18/2023,None
4/18/2023,None
4/18/2023,None
4/19/2023,None
4/19/2023,None
4/19/2023,None
4/20/2023,None
4/20/2023,None
4/20/2023,None
4/20/2023,None
4/20/2023,None
4/20/2023,None
4/20/2023,None
4/20/2023,None
4/20/2023,None
4/20/2023,None
4/20/2023,None
4/20/2023,None
4/20/2023,None
4/20/2023,None
4/20/2023,None
4/20/2023,None
4/20/2023,None
4/20/2023,None
4/20/2023,None
4/20/2023,None
4/20/2023,None
4/20/2023,None
4/20/2023,None
4/20/2023,None
4/20/2023,None
4/20/2023,None
4/20/2023,None
4/20/2023,None
4/20/2023,None
4/20/2023,None
4/20/2023,None
4/20/2023,None
4/20/2023,None
4/20/2023,None
4/20/2023,None
4/20/2023,None
4/20/2023,None
4/20/2023,None
4/20/2023,None
4/20/2023,None
4/20/2023,None
4/20/2023,None
4/20/2023,None
4/20/2023,None
4/20/2023,None
4/20/2023,None
4/20/2023,None
4/20/2023,None
4/20/2023,None
4/20/2023,None
4/20/2023,None
4/20/2023,None
4/20/2023,None
5/24/2023,None
None,5/11/2005
None,2/23/2006
None,12/24/2008
None,12/24/2008
None,10/4/2011
None,8/5/2012
None,5/18/2013
None,5/19/2014
None,1/10/2015
None,6/8/2015
None,1/10/2016
None,6/26/2016
None,9/6/2016
None,3/5/2017
None,7/14/2017
None,8/2/2017
None,12/25/2017
None,3/31/2018
None,3/31/2018
None,3/31/2018
None,3/31/2018
None,2/26/2019
None,6/16/2019
None,9/12/2019
None,11/3/2019
None,2/5/2020
None,2/12/2020
None,3/16/2020
None,5/11/2020
None,6/14/2020
None,7/21/2020
None,8/6/2020
None,10/31/2020
None,2/2/2021
None,5/26/2021
None,6/3/2021
None,8/13/2021
None,9/20/2021
None,12/19/2021
None,1/6/2022
None,1/29/2022
None,1/31/2022
None,3/22/2022
None,4/26/2022
None,5/15/2022
None,6/12/2022
None,7/24/2022
None,9/10/2022
None,9/12/2022
None,9/18/2022
None,10/2/2022
None,10/7/2022
None,10/8/2022
None,10/21/2022
None,10/31/2022
None,11/8/2022
None,11/11/2022
None,11/23/2022
None,11/24/2022
None,11/30/2022
None,12/9/2022
None,12/12/2022
None,12/15/2022
None,12/23/2022
None,12/25/2022
None,12/28/2022
None,12/29/2022
None,12/30/2022
None,3/22/2023
None,3/24/2023
None,3/26/2023
None,3/27/2023
None,3/27/2023
None,3/30/2023
None,3/31/2023
None,3/31/2023
None,4/2/2023
None,4/2/2023
None,4/4/2023
None,4/5/2023
None,4/9/2023
None,4/9/2023
None,4/9/2023
None,4/9/2023
None,4/9/2023
None,4/10/2023
None,4/11/2023
None,4/11/2023
None,4/15/2023